"","plots","block","treatments"
"1",101,"1","Low"
"2",102,"1","Mid"
"3",103,"1","None"
"4",104,"1","High"
"5",201,"2","Low"
"6",202,"2","Mid"
"7",203,"2","High"
"8",204,"2","None"
"9",301,"3","Low"
"10",302,"3","High"
"11",303,"3","Mid"
"12",304,"3","None"
"13",401,"4","High"
"14",402,"4","Low"
"15",403,"4","None"
"16",404,"4","Mid"
"17",501,"5","None"
"18",502,"5","High"
"19",503,"5","Low"
"20",504,"5","Mid"
"21",601,"6","None"
"22",602,"6","Mid"
"23",603,"6","Low"
"24",604,"6","High"
"25",701,"7","Low"
"26",702,"7","Mid"
"27",703,"7","None"
"28",704,"7","High"
"29",801,"8","Mid"
"30",802,"8","Low"
"31",803,"8","None"
"32",804,"8","High"
