"plot","variety","oil_yield"
"plot1","Barouni",13.6
"plot2","Ascolano",15.3
"plot3","Ascolano",15.3
"plot4","Barouni",11.1
"plot5","Mission",12.3
"plot6","Koroneiki",16.7
"plot7","Mission",11.2
"plot8","Ascolano",14
"plot9","Arbequina",9.6
"plot10","Koroneiki",16.2
"plot11","Arbequina",13.4
"plot12","Koroneiki",11.3
"plot13","Barouni",13.6
"plot14","Koroneiki",13.6
"plot15","Arbequina",12.1
"plot16","Barouni",11.2
"plot17","Arbequina",9.7
"plot18","Arbosana",12.6
"plot19","Arbosana",13.7
"plot20","Arbosana",11.9
"plot21","Koroneiki",15.1
"plot22","Mission",11.5
"plot23","Mission",14.4
"plot24","Arbosana",12.9
"plot25","Barouni",11.6
"plot26","Ascolano",15.4
"plot27","Mission",11.9
"plot28","Koroneiki",17.1
"plot29","Mission",9.5
"plot30","Mission",13.6
"plot31","Ascolano",15.3
"plot32","Ascolano",16
"plot33","Koroneiki",16.8
"plot34","Barouni",10.7
"plot35","Arbosana",12.9
"plot36","Arbequina",12.2
"plot37","Arbosana",12.6
"plot38","Ascolano",14.3
"plot39","Barouni",12.5
"plot40","Arbequina",10.3
"plot41","Mission",10.4
"plot42","Barouni",13.7
"plot43","Koroneiki",15.5
"plot44","Arbequina",7.8
"plot45","Arbosana",14.3
"plot46","Arbequina",13.2
"plot47","Ascolano",14.7
"plot48","Arbosana",14.4
