plot,variety,disease
1,Moneymaker,4.33260345282236
2,Zebra,5.04607966918172
3,Brandywine,6.01413740214102
4,Brandywine,5.18546543411771
5,Cherokee,4.99093762198419
6,Cherokee,4.69540932617843
7,Moneymaker,3.4203719890665
8,Zebra,2.71277796496395
9,Moneymaker,2.21543793905838
10,Zebra,5.98598964615506
11,Moneymaker,2.83353393541237
12,Brandywine,4.28947798003823
13,Moneymaker,4.13856356087728
14,Zebra,7.01433696256535
15,Cherokee,5.40277284592986
16,Brandywine,3.19724566510794
17,Cherokee,3.55451130334984
18,Cherokee,4.28057168428126
19,Zebra,5.81268158546101
20,Zebra,5.56781188369372
21,Cherokee,3.5482554271092
22,Brandywine,5.54991710177173
23,Moneymaker,0.542360135387
24,Brandywine,4.78491486291418
