"plots","fert","cover","yield"
101,"f0","none",11.98
102,"f10","stover",12.68
103,"f0","rye",13.57
104,"f50","clover",14.03
105,"f50","stover",18.07
106,"f50","rye",17.72
107,"f50","none",14.09
108,"f0","rye",12.15
109,"f0","clover",7.49
110,"f10","rye",13.51
111,"f50","stover",17.45
112,"f10","clover",16.37
113,"f50","rye",16.12
114,"f0","none",11.12
115,"f0","clover",9.62
116,"f0","rye",13.38
117,"f50","none",14.87
118,"f10","none",9.68
119,"f0","stover",15.23
120,"f50","rye",16.11
121,"f50","clover",14.68
122,"f0","stover",12.21
123,"f10","stover",12.23
124,"f10","clover",14.11
125,"f10","none",11.66
126,"f10","rye",9.26
127,"f50","none",13.75
128,"f10","clover",14.45
129,"f10","none",10.4
130,"f50","clover",15.22
131,"f0","none",12.73
132,"f10","stover",13.63
133,"f10","rye",12.16
134,"f0","stover",14.04
135,"f50","stover",17.22
136,"f0","clover",12.75
