"plot","block","variety","color","flavor"
"plot1","block1","Surecrop",5.5,7.4
"plot2","block1","Viktoriana",6.6,8.5
"plot3","block1","Hokowase",9.8,7.3
"plot4","block1","Mohawk",7.2,5.8
"plot5","block1","Aromas",6.9,7
"plot6","block2","Hokowase",6.2,6.5
"plot7","block2","Mohawk",3.8,5.6
"plot8","block2","Aromas",4.3,7
"plot9","block2","Surecrop",4.2,7.3
"plot10","block2","Viktoriana",4.5,7.2
"plot11","block3","Aromas",9.5,6.6
"plot12","block3","Hokowase",10.4,6.5
"plot13","block3","Mohawk",8.6,58
"plot14","block3","Viktoriana",7.1,6.9
"plot15","block3","Surecrop",8.8,8.1
"plot16","block4","Mohawk",7.9,5.8
"plot17","block4","Hokowase",6.4,7.9
"plot18","block4","Aromas",5,7.4
"plot19","block4","Surecrop",6.5,8.6
"plot20","block4","Viktoriana",6.9,7.4
"plot21","block5","Surecrop",4.1,7.8
"plot22","block5","Aromas",5.7,7.1
"plot23","block5","Mohawk",6,6.1
"plot24","block5","Viktoriana",3.2,8.1
"plot25","block5","Hokowase",6.3,7.9
"plot26","block6","Surecrop",-0.4,7.8
"plot27","block6","Viktoriana",3.2,8
"plot28","block6","Hokowase",5.8,7.3
"plot29","block6","Mohawk",1.8,5.4
"plot30","block6","Aromas",-0.2,6.2
"plot31","block7","Aromas",8.1,6.1
"plot32","block7","Hokowase",8.4,6.9
"plot33","block7","Mohawk",11.8,6.1
"plot34","block7","Surecrop",7,7.6
"plot35","block7","Viktoriana",7.9,6.7
"plot36","block8","Viktoriana",5.1,7.5
"plot37","block8","Hokowase",5.6,6.9
"plot38","block8","Aromas",5.6,8.1
"plot39","block8","Mohawk",3.6,7.1
"plot40","block8","Surecrop",7.4,8.3
