"plot","block","variety","yield"
"plot1","block1","SweetJenny",3.7
"plot2","block1","DixieLand",5
"plot3","block1","AfricaQueen",4.7
"plot4","block1","Supreme",5.4
"plot5","block1","Sugargate",3.2
"plot6","block1","LaterFry",4.9
"plot7","block2","DixieLand",2.5
"plot8","block2","Sugargate",4.8
"plot9","block2","AfricaQueen",4.5
"plot10","block2","Supreme",4.2
"plot11","block2","LaterFry",1.8
"plot12","block2","SweetJenny",3.1
"plot13","block3","SweetJenny",5.7
"plot14","block3","AfricaQueen",7.7
"plot15","block3","LaterFry",5.2
"plot16","block3","DixieLand",3.5
"plot17","block3","Sugargate",3.9
"plot18","block3","Supreme",5.2
"plot19","block4","SweetJenny",5.8
"plot20","block4","Supreme",9.9
"plot21","block4","Sugargate",6.1
"plot22","block4","DixieLand",5
"plot23","block4","AfricaQueen",6.9
"plot24","block4","LaterFry",6.5
"plot25","block5","AfricaQueen",16
"plot26","block5","LaterFry",3.6
"plot27","block5","Supreme",4.7
"plot28","block5","SweetJenny",5.8
"plot29","block5","DixieLand",4.1
"plot30","block5","Sugargate",3.7
"plot31","block6","SweetJenny",1.1
"plot32","block6","AfricaQueen",18
"plot33","block6","LaterFry",3.3
"plot34","block6","DixieLand",1.4
"plot35","block6","Sugargate",1.8
"plot36","block6","Supreme",3.5
"plot37","block7","DixieLand",7.6
"plot38","block7","SweetJenny",6.8
"plot39","block7","Supreme",9.3
"plot40","block7","LaterFry",6.7
"plot41","block7","Sugargate",3.9
"plot42","block7","AfricaQueen",5.4
"plot43","block8","LaterFry",3.4
"plot44","block8","DixieLand",3.7
"plot45","block8","SweetJenny",3.4
"plot46","block8","Sugargate",5.9
"plot47","block8","Supreme",6.1
"plot48","block8","AfricaQueen",2.9
