"plots","compost","biochar","organicmatter"
101,"manure","char50",0.031
102,"foodwaste","char10",0.037
103,"manure","char50",0.038
104,"manure","none",0.039
105,"sludge","none",0.041
106,"manure","char10",0.037
107,"broilerlitter","char10",0.044
108,"broilerlitter","char10",0.042
109,"manure","char10",0.04
110,"sludge","none",0.036
111,"foodwaste","none",0.036
112,"broilerlitter","char50",0.036
113,"sludge","char10",0.041
114,"foodwaste","char50",0.026
115,"manure","none",0.039
116,"sludge","none",0.042
117,"broilerlitter","char10",0.043
118,"sludge","char10",0.048
119,"foodwaste","char50",0.029
120,"sludge","char50",0.028
121,"manure","char50",0.032
122,"sludge","char50",0.027
123,"foodwaste","none",0.029
124,"broilerlitter","char50",0.039
125,"broilerlitter","char50",0.04
126,"broilerlitter","none",0.034
127,"sludge","char50",0.029
128,"broilerlitter","none",0.023
129,"foodwaste","char10",0.045
130,"broilerlitter","none",0.027
131,"sludge","char10",0.05
132,"foodwaste","char50",0.02
133,"foodwaste","char10",0.039
134,"foodwaste","none",0.031
135,"manure","char10",0.05
136,"manure","none",0.037
