plot,block,p,n,yield
plot1,block1,0,0,3.5
plot2,block2,0,0,3.7
plot3,block3,0,0,3.7
plot4,block4,0,0,3.9
plot5,block1,5,0,3.6
plot6,block2,5,0,3.5
plot7,block3,5,0,3.7
plot8,block4,5,0,3.6
plot9,block1,10,0,4.2
plot10,block2,10,0,3.7
plot11,block3,10,0,4.1
plot12,block4,10,0,4
plot13,block1,0,20,3.9
plot14,block2,0,20,3.8
plot15,block3,0,20,4
plot16,block4,0,20,3.9
plot17,block1,5,20,4.6
plot18,block2,5,20,4.8
plot19,block3,5,20,4.5
plot20,block4,5,20,4.5
plot21,block1,10,20,5.9
plot22,block2,10,20,5.8
plot23,block3,10,20,6.1
plot24,block4,10,20,6.2
plot25,block1,0,50,4.4
plot26,block2,0,50,3.9
plot27,block3,0,50,4.3
plot28,block4,0,50,4.2
plot29,block1,5,50,6.2
plot30,block2,5,50,6
plot31,block3,5,50,6.2
plot32,block4,5,50,6.4
plot33,block1,10,50,8.3
plot34,block2,10,50,8.2
plot35,block3,10,50,8.1
plot36,block4,10,50,8.2
