"plot","timeslot","algorithm","tracks"
"test1","day1_early","Erasure",2
"test2","day1_early","Darksky",2
"test3","day1_early","LinkLoss",3
"test4","day1_late","LinkLoss",2
"test5","day1_late","Darksky",1
"test6","day1_late","Erasure",1
"test7","day2_early","LinkLoss",4
"test8","day2_early","Darksky",2
"test9","day2_early","Erasure",3
"test10","day2_late","Erasure",3
"test11","day2_late","LinkLoss",3
"test12","day2_late","Darksky",2
"test13","day3_early","Erasure",1
"test14","day3_early","Darksky",1
"test15","day3_early","LinkLoss",2
"test16","day3_late","LinkLoss",3
"test17","day3_late","Erasure",2
"test18","day3_late","Darksky",2
"test19","day4_early","LinkLoss",1
"test20","day4_early","Erasure",1
"test21","day4_early","Darksky",2
"test22","day4_late","Erasure",1
"test23","day4_late","Darksky",1
"test24","day4_late","LinkLoss",2
"test25","day5_early","Erasure",1
"test26","day5_early","LinkLoss",1
"test27","day5_early","Darksky",0
"test28","day5_late","Erasure",1
"test29","day5_late","Darksky",2
"test30","day5_late","LinkLoss",3
"test31","day6_early","Darksky",1
"test32","day6_early","Erasure",1
"test33","day6_early","LinkLoss",2
"test34","day6_late","LinkLoss",3
"test35","day6_late","Darksky",1
"test36","day6_late","Erasure",2
"test37","day7_early","Erasure",2
"test38","day7_early","Darksky",2
"test39","day7_early","LinkLoss",2
"test40","day7_late","Darksky",2
"test41","day7_late","Erasure",2
"test42","day7_late","LinkLoss",3
