Block,Plot,Variety
1,1,Sundance
1,2,Merit
1,3,Bloody Butcher
1,4,Miracle
1,5,Silver King
1,6,Temptation
1,7,Absolute
1,8,Radiance
1,9,Aloha
1,10,Phenomenal
1,11,Camelot
1,12,Challenger
2,1,Challenger
2,2,Camelot
2,3,Phenomenal
2,4,Aloha
2,5,Radiance
2,6,Absolute
2,7,Temptation
2,8,Silver King
2,9,Miracle
2,10,Bloody Butcher
2,11,Merit
2,12,Sundance
3,1,Sundance
3,2,Merit
3,3,Bloody Butcher
3,4,Miracle
3,5,Silver King
3,6,Temptation
3,7,Absolute
3,8,Radiance
3,9,Aloha
3,10,Phenomenal
3,11,Camelot
3,12,Challenger
4,1,Challenger
4,2,Camelot
4,3,Phenomenal
4,4,Aloha
4,5,Radiance
4,6,Absolute
4,7,Temptation
4,8,Silver King
4,9,Miracle
4,10,Bloody Butcher
4,11,Merit
4,12,Sundance
